insert into ROL_UTILIZATOR (ID_ROL_UTILIZATOR, NUME, DENUMIRE) values (1, 'admin', 'ROLE_ADMIN');
insert into ROL_UTILIZATOR (ID_ROL_UTILIZATOR, NUME, DENUMIRE) values (2, 'user', 'ROLE_USER');
commit;

insert into UTILIZATOR_SISTEM (ID_UTILIZATOR_SISTEM, NUME, PAROLA, EMAIL, ACTIV) values (1, 'admin', 'admin', 'admin@seaurchin.ro', 1);
insert into UTILIZATOR_SISTEM (ID_UTILIZATOR_SISTEM, NUME, PAROLA, EMAIL, ACTIV) values (2, 'user', 'user', 'user@seaurchin.ro', 1);
commit;

insert into CHESTIONAR (ID_CHESTIONAR, NUME, DESCRIERE) values (1, 'Chestionar suport tehnic', 'Suport tehnic');
commit;

insert into SECTIUNE (ID_SECTIUNE, ID_CHESTIONAR, NUME, DETALII) values (1, 1, 'Date de identificare', null);
insert into SECTIUNE (ID_SECTIUNE, ID_CHESTIONAR, NUME, DETALII) values (2, 1, 'Starea Laboratorului', null);
insert into SECTIUNE (ID_SECTIUNE, ID_CHESTIONAR, NUME, DETALII) values (3, 1, 'Starea sistemului', 'Se completeaza de catre inginerul de suport tehnic');
insert into SECTIUNE (ID_SECTIUNE, ID_CHESTIONAR, NUME, DETALII) values (4, 1, 'Materiale sistem', null);
insert into SECTIUNE (ID_SECTIUNE, ID_CHESTIONAR, NUME, DETALII) values (5, 1, 'Secretariat', null);
insert into SECTIUNE (ID_SECTIUNE, ID_CHESTIONAR, NUME, DETALII) values (6, 1, 'Instruire', null);
insert into SECTIUNE (ID_SECTIUNE, ID_CHESTIONAR, NUME, DETALII) values (7, 1, 'Implementare', null);
insert into SECTIUNE (ID_SECTIUNE, ID_CHESTIONAR, NUME, DETALII) values (8, 1, 'Suport Tehnic', null);
insert into SECTIUNE (ID_SECTIUNE, ID_CHESTIONAR, NUME, DETALII) values (9, 1, 'Internet', null);
insert into SECTIUNE (ID_SECTIUNE, ID_CHESTIONAR, NUME, DETALII) values (10, 1, 'Dotare', null);
insert into SECTIUNE (ID_SECTIUNE, ID_CHESTIONAR, NUME, DETALII) values (11, 1, 'Concluzii', null);
commit;

insert into INTREBARE (ID_INTREBARE, ID_SECTIUNE, ORDINE, ENUNT, ARE_DETALII, DETALII, ARE_CLEAR_TEXT) values (1, 1, 1, 'Nume, prenume', 0, null, 1);
insert into INTREBARE (ID_INTREBARE, ID_SECTIUNE, ORDINE, ENUNT, ARE_DETALII, DETALII, ARE_CLEAR_TEXT) values (2, 1, 2, 'Telefon', 0, null, 1);
insert into INTREBARE (ID_INTREBARE, ID_SECTIUNE, ORDINE, ENUNT, ARE_DETALII, DETALII, ARE_CLEAR_TEXT) values (3, 1, 3, 'Email', 0, null, 1);
insert into INTREBARE (ID_INTREBARE, ID_SECTIUNE, ORDINE, ENUNT, ARE_DETALII, DETALII, ARE_CLEAR_TEXT) values (4, 1, 4, 'Tip scoala', 0, null, 0);
insert into INTREBARE (ID_INTREBARE, ID_SECTIUNE, ORDINE, ENUNT, ARE_DETALII, DETALII, ARE_CLEAR_TEXT) values (5, 1, 5, 'Functie', 0, null, 0);
insert into INTREBARE (ID_INTREBARE, ID_SECTIUNE, ORDINE, ENUNT, ARE_DETALII, DETALII, ARE_CLEAR_TEXT) values (6, 1, 6, 'Administrator de sistem in scoala', 0, null, 0);
insert into INTREBARE (ID_INTREBARE, ID_SECTIUNE, ORDINE, ENUNT, ARE_DETALII, DETALII, ARE_CLEAR_TEXT) values (7, 2, 1, 'Care este starea echipamentelor hardware din laborator?', 1, 'Daca raspunsul la intrebare este Complet functional se sare la sectiunea Starea sistemului', 0);
insert into INTREBARE (ID_INTREBARE, ID_SECTIUNE, ORDINE, ENUNT, ARE_DETALII, DETALII, ARE_CLEAR_TEXT) values (8, 2, 1, 'Ce echipamente nu functioneaza?', 0, null, 1);
insert into INTREBARE (ID_INTREBARE, ID_SECTIUNE, ORDINE, ENUNT, ARE_DETALII, DETALII, ARE_CLEAR_TEXT) values (9, 3, 1, 'Ce versiune a sistemului este instalata in laborator?', 0, null, 0);
insert into INTREBARE (ID_INTREBARE, ID_SECTIUNE, ORDINE, ENUNT, ARE_DETALII, DETALII, ARE_CLEAR_TEXT) values (10, 3, 1, 'Care este starea sistemului?', 1, 'Daca raspunsul la intrebare este Complet functional se sare la sectiunea Starea sistemului', 0);
insert into INTREBARE (ID_INTREBARE, ID_SECTIUNE, ORDINE, ENUNT, ARE_DETALII, DETALII, ARE_CLEAR_TEXT) values (11, 3, 1, 'Sistemul nu functioneaza pe...?', 1, null, 0);
insert into INTREBARE (ID_INTREBARE, ID_SECTIUNE, ORDINE, ENUNT, ARE_DETALII, DETALII, ARE_CLEAR_TEXT) values (12, 3, 1, 'Cauza aparenta de nefunctionare este...?', 0, null, 0);
insert into INTREBARE (ID_INTREBARE, ID_SECTIUNE, ORDINE, ENUNT, ARE_DETALII, DETALII, ARE_CLEAR_TEXT) values (13, 3, 1, 'Problemele au fost rezolvate pe loc(FCR)?', 0, null, 0);
insert into INTREBARE (ID_INTREBARE, ID_SECTIUNE, ORDINE, ENUNT, ARE_DETALII, DETALII, ARE_CLEAR_TEXT) values (14, 4, 1, 'Aveti lectii importate pe server?', 0, null, 0);
insert into INTREBARE (ID_INTREBARE, ID_SECTIUNE, ORDINE, ENUNT, ARE_DETALII, DETALII, ARE_CLEAR_TEXT) values (15, 4, 1, 'Se sustin in mod curent lectii in laboratorul IT?', 0, null, 0);
insert into INTREBARE (ID_INTREBARE, ID_SECTIUNE, ORDINE, ENUNT, ARE_DETALII, DETALII, ARE_CLEAR_TEXT) values (16, 4, 1, 'S-a facut o planificare a sustinerii de lectii in laboratorul IT pentru perioada imediat urmatoare?', 0, null, 0);
insert into INTREBARE (ID_INTREBARE, ID_SECTIUNE, ORDINE, ENUNT, ARE_DETALII, DETALII, ARE_CLEAR_TEXT) values (17, 4, 1, 'Care sunt materiile la care se sustin cele mai multe ore in laboratorul IT(si numele respectivilor profesori)?', 0, null, 0);
insert into INTREBARE (ID_INTREBARE, ID_SECTIUNE, ORDINE, ENUNT, ARE_DETALII, DETALII, ARE_CLEAR_TEXT) values (18, 4, 1, 'Ati intalnit probleme la utilizarea sistemului?', 0, null, 0);
insert into INTREBARE (ID_INTREBARE, ID_SECTIUNE, ORDINE, ENUNT, ARE_DETALII, DETALII, ARE_CLEAR_TEXT) values (19, 5, 1, 'Ce date de secretariat aveti introduse in sistem?', 0, null, 0);
insert into INTREBARE (ID_INTREBARE, ID_SECTIUNE, ORDINE, ENUNT, ARE_DETALII, DETALII, ARE_CLEAR_TEXT) values (20, 5, 1, 'Datele de secretariat sunt tinute la zi (actualizare prin adaugare de  date noi sau modificare a datelor existente, promovari, etc.)?', 0, null, 0);
insert into INTREBARE (ID_INTREBARE, ID_SECTIUNE, ORDINE, ENUNT, ARE_DETALII, DETALII, ARE_CLEAR_TEXT) values (21, 6, 1, 'Cum apreciati gradul de intruire al profesorilor din scoala dumneavoastra?', 0, null, 0);
insert into INTREBARE (ID_INTREBARE, ID_SECTIUNE, ORDINE, ENUNT, ARE_DETALII, DETALII, ARE_CLEAR_TEXT) values (22, 6, 2, 'Cum au fost instruiti profesorii din scoala?', 0, null, 0);
insert into INTREBARE (ID_INTREBARE, ID_SECTIUNE, ORDINE, ENUNT, ARE_DETALII, DETALII, ARE_CLEAR_TEXT) values (23, 6, 2, 'Stiti de existenta cursului "Initiere IT", organizat prin CCD-uri, finalizat cu un atestat purtator a 25 de credite?', 0, null, 0);
insert into INTREBARE (ID_INTREBARE, ID_SECTIUNE, ORDINE, ENUNT, ARE_DETALII, DETALII, ARE_CLEAR_TEXT) values (24, 7, 1, 'Cum apreciati prestatia echipei care a facut implementarea?', 0, null, 0);
insert into INTREBARE (ID_INTREBARE, ID_SECTIUNE, ORDINE, ENUNT, ARE_DETALII, DETALII, ARE_CLEAR_TEXT) values (25, 7, 2, 'Membrii echipei de implementare au cunoscut problemele expuse?', 0, null, 0);
insert into INTREBARE (ID_INTREBARE, ID_SECTIUNE, ORDINE, ENUNT, ARE_DETALII, DETALII, ARE_CLEAR_TEXT) values (26, 7, 3, 'Membrii echipei de implementare au avut un comportament adecvat?', 0, null, 0);
insert into INTREBARE (ID_INTREBARE, ID_SECTIUNE, ORDINE, ENUNT, ARE_DETALII, DETALII, ARE_CLEAR_TEXT) values (27, 8, 1, 'Ati apelat vreodata la echipa de suport tehnic?', 1, 'Daca raspunsul este NU se sare la intrebarea 5.', 0);
insert into INTREBARE (ID_INTREBARE, ID_SECTIUNE, ORDINE, ENUNT, ARE_DETALII, DETALII, ARE_CLEAR_TEXT) values (28, 8, 2, 'Prin ce mijloace ati contactat echipa de suport tehnic?', 0, null, 0);
insert into INTREBARE (ID_INTREBARE, ID_SECTIUNE, ORDINE, ENUNT, ARE_DETALII, DETALII, ARE_CLEAR_TEXT) values (29, 8, 3, 'Cum apreciati timpul de raspuns al echipei de suport tehnic?', 0, null, 0);
insert into INTREBARE (ID_INTREBARE, ID_SECTIUNE, ORDINE, ENUNT, ARE_DETALII, DETALII, ARE_CLEAR_TEXT) values (30, 8, 4, 'Situatia semnalata a fost rezolvata...', 0, null, 0);
insert into INTREBARE (ID_INTREBARE, ID_SECTIUNE, ORDINE, ENUNT, ARE_DETALII, DETALII, ARE_CLEAR_TEXT) values (31, 8, 5, 'Echipa de suport tehnic poate fi contactata si prin intermediul Telverde sau forum. Cunoasteti:', 0, null, 0);
insert into INTREBARE (ID_INTREBARE, ID_SECTIUNE, ORDINE, ENUNT, ARE_DETALII, DETALII, ARE_CLEAR_TEXT) values (32, 9, 1, 'Acces Internet in scoala', 0, null, 0);
insert into INTREBARE (ID_INTREBARE, ID_SECTIUNE, ORDINE, ENUNT, ARE_DETALII, DETALII, ARE_CLEAR_TEXT) values (33, 9, 2, 'Tip Internet', 0, null, 0);
insert into INTREBARE (ID_INTREBARE, ID_SECTIUNE, ORDINE, ENUNT, ARE_DETALII, DETALII, ARE_CLEAR_TEXT) values (34, 10, 1, 'Exista alte calculatoare in unitate in afara de cele din laborator?', 0, null, 0);
insert into INTREBARE (ID_INTREBARE, ID_SECTIUNE, ORDINE, ENUNT, ARE_DETALII, DETALII, ARE_CLEAR_TEXT) values (35, 10, 2, 'Calculatoarele existente sunt legate la server?', 0, null, 0);
insert into INTREBARE (ID_INTREBARE, ID_SECTIUNE, ORDINE, ENUNT, ARE_DETALII, DETALII, ARE_CLEAR_TEXT) values (36, 11, 1, 'Care sunt cele mai mari probleme legate de laboratorul informatizat?', 0, null, 0);
commit;

insert into TIP_OPTIUNE (ID_TIP_OPTIUNE, NUME) values (1, 'Text');
insert into TIP_OPTIUNE (ID_TIP_OPTIUNE, NUME) values (2, 'Radio');
insert into TIP_OPTIUNE (ID_TIP_OPTIUNE, NUME) values (3, 'Radio cu text');
insert into TIP_OPTIUNE (ID_TIP_OPTIUNE, NUME) values (4, 'Checkbox');
insert into TIP_OPTIUNE (ID_TIP_OPTIUNE, NUME) values (5, 'Checkbox cu text');
commit;

insert into OPTIUNE (ID_OPTIUNE, NUME, ID_TIP_OPTIUNE, ID_INTREBARE) values (1, null, 1, 1);
insert into OPTIUNE (ID_OPTIUNE, NUME, ID_TIP_OPTIUNE, ID_INTREBARE) values (2, null, 1, 2);
insert into OPTIUNE (ID_OPTIUNE, NUME, ID_TIP_OPTIUNE, ID_INTREBARE) values (3, null, 1, 3);
insert into OPTIUNE (ID_OPTIUNE, NUME, ID_TIP_OPTIUNE, ID_INTREBARE) values (4, 'Liceu', 2, 4);
insert into OPTIUNE (ID_OPTIUNE, NUME, ID_TIP_OPTIUNE, ID_INTREBARE) values (5, 'Grup Scolar', 2, 4);
insert into OPTIUNE (ID_OPTIUNE, NUME, ID_TIP_OPTIUNE, ID_INTREBARE) values (6, 'Scoala Generala', 2, 4);
insert into OPTIUNE (ID_OPTIUNE, NUME, ID_TIP_OPTIUNE, ID_INTREBARE) values (7, 'Administrator', 4, 5);
insert into OPTIUNE (ID_OPTIUNE, NUME, ID_TIP_OPTIUNE, ID_INTREBARE) values (8, 'Director', 4, 5);
insert into OPTIUNE (ID_OPTIUNE, NUME, ID_TIP_OPTIUNE, ID_INTREBARE) values (9, 'Profesor', 4, 5);
insert into OPTIUNE (ID_OPTIUNE, NUME, ID_TIP_OPTIUNE, ID_INTREBARE) values (10, 'Secretara', 4, 5);
insert into OPTIUNE (ID_OPTIUNE, NUME, ID_TIP_OPTIUNE, ID_INTREBARE) values (11, 'Full time', 2, 6);
insert into OPTIUNE (ID_OPTIUNE, NUME, ID_TIP_OPTIUNE, ID_INTREBARE) values (12, 'Part-time', 2, 6);
insert into OPTIUNE (ID_OPTIUNE, NUME, ID_TIP_OPTIUNE, ID_INTREBARE) values (13, 'Firma angajata', 2, 6);
insert into OPTIUNE (ID_OPTIUNE, NUME, ID_TIP_OPTIUNE, ID_INTREBARE) values (14, 'Nu', 2, 6);
insert into OPTIUNE (ID_OPTIUNE, NUME, ID_TIP_OPTIUNE, ID_INTREBARE) values (15, 'Complet functional', 2, 7);
insert into OPTIUNE (ID_OPTIUNE, NUME, ID_TIP_OPTIUNE, ID_INTREBARE) values (16, 'Partial functional', 2, 7);
insert into OPTIUNE (ID_OPTIUNE, NUME, ID_TIP_OPTIUNE, ID_INTREBARE) values (17, 'Nefunctional', 2, 7);
insert into OPTIUNE (ID_OPTIUNE, NUME, ID_TIP_OPTIUNE, ID_INTREBARE) values (18, 'Server', 4, 8);
insert into OPTIUNE (ID_OPTIUNE, NUME, ID_TIP_OPTIUNE, ID_INTREBARE) values (19, 'Statii de lucru. Cate?', 5, 8);
insert into OPTIUNE (ID_OPTIUNE, NUME, ID_TIP_OPTIUNE, ID_INTREBARE) values (20, 'Imprimanta', 4, 8);
insert into OPTIUNE (ID_OPTIUNE, NUME, ID_TIP_OPTIUNE, ID_INTREBARE) values (21, 'Scanner', 4, 8);
insert into OPTIUNE (ID_OPTIUNE, NUME, ID_TIP_OPTIUNE, ID_INTREBARE) values (22, 'Switch', 4, 8);
insert into OPTIUNE (ID_OPTIUNE, NUME, ID_TIP_OPTIUNE, ID_INTREBARE) values (23, 'Router', 4, 8);
insert into OPTIUNE (ID_OPTIUNE, NUME, ID_TIP_OPTIUNE, ID_INTREBARE) values (150, 'Elemente pasive din retea ( cabluri, prize, etc)', 4, 8);
insert into OPTIUNE (ID_OPTIUNE, NUME, ID_TIP_OPTIUNE, ID_INTREBARE) values (25, '3.2.0.3', 2, 9);
insert into OPTIUNE (ID_OPTIUNE, NUME, ID_TIP_OPTIUNE, ID_INTREBARE) values (26, '4.0.1.4', 2, 9);
insert into OPTIUNE (ID_OPTIUNE, NUME, ID_TIP_OPTIUNE, ID_INTREBARE) values (27, '4.0.1.5', 2, 9);
insert into OPTIUNE (ID_OPTIUNE, NUME, ID_TIP_OPTIUNE, ID_INTREBARE) values (28, '4.1.0.2', 2, 9);
insert into OPTIUNE (ID_OPTIUNE, NUME, ID_TIP_OPTIUNE, ID_INTREBARE) values (29, '4.1.0.3', 2, 9);
insert into OPTIUNE (ID_OPTIUNE, NUME, ID_TIP_OPTIUNE, ID_INTREBARE) values (30, '5.1.0.2', 2, 9);
insert into OPTIUNE (ID_OPTIUNE, NUME, ID_TIP_OPTIUNE, ID_INTREBARE) values (31, '5.1.0.3', 2, 9);
insert into OPTIUNE (ID_OPTIUNE, NUME, ID_TIP_OPTIUNE, ID_INTREBARE) values (32, '5.2.0.1', 2, 9);
insert into OPTIUNE (ID_OPTIUNE, NUME, ID_TIP_OPTIUNE, ID_INTREBARE) values (33, 'Complet functional', 2, 10);
insert into OPTIUNE (ID_OPTIUNE, NUME, ID_TIP_OPTIUNE, ID_INTREBARE) values (34, 'Partial functional', 2, 10);
insert into OPTIUNE (ID_OPTIUNE, NUME, ID_TIP_OPTIUNE, ID_INTREBARE) values (35, 'Nefunctional', 2, 10);
insert into OPTIUNE (ID_OPTIUNE, NUME, ID_TIP_OPTIUNE, ID_INTREBARE) values (36, 'Server', 4, 11);
insert into OPTIUNE (ID_OPTIUNE, NUME, ID_TIP_OPTIUNE, ID_INTREBARE) values (37, 'Statii de lucru - Cate...?', 5, 11);
insert into OPTIUNE (ID_OPTIUNE, NUME, ID_TIP_OPTIUNE, ID_INTREBARE) values (38, 'Problema de SO sau inrudita', 2, 12);
insert into OPTIUNE (ID_OPTIUNE, NUME, ID_TIP_OPTIUNE, ID_INTREBARE) values (39, 'Problema de SGBD', 2, 12);
insert into OPTIUNE (ID_OPTIUNE, NUME, ID_TIP_OPTIUNE, ID_INTREBARE) values (40, 'Problema de sistem', 2, 12);
insert into OPTIUNE (ID_OPTIUNE, NUME, ID_TIP_OPTIUNE, ID_INTREBARE) values (41, 'Alta', 3, 12);
insert into OPTIUNE (ID_OPTIUNE, NUME, ID_TIP_OPTIUNE, ID_INTREBARE) values (42, 'Da', 2, 13);
insert into OPTIUNE (ID_OPTIUNE, NUME, ID_TIP_OPTIUNE, ID_INTREBARE) values (43, 'Nu', 2, 13);
insert into OPTIUNE (ID_OPTIUNE, NUME, ID_TIP_OPTIUNE, ID_INTREBARE) values (44, 'Da. Cate', 3, 14);
insert into OPTIUNE (ID_OPTIUNE, NUME, ID_TIP_OPTIUNE, ID_INTREBARE) values (45, 'Nu', 2, 14);
insert into OPTIUNE (ID_OPTIUNE, NUME, ID_TIP_OPTIUNE, ID_INTREBARE) values (46, 'Da', 2, 15);
insert into OPTIUNE (ID_OPTIUNE, NUME, ID_TIP_OPTIUNE, ID_INTREBARE) values (47, 'Nu', 2, 15);
insert into OPTIUNE (ID_OPTIUNE, NUME, ID_TIP_OPTIUNE, ID_INTREBARE) values (48, 'Da', 2, 16);
insert into OPTIUNE (ID_OPTIUNE, NUME, ID_TIP_OPTIUNE, ID_INTREBARE) values (49, 'Nu', 2, 16);
insert into OPTIUNE (ID_OPTIUNE, NUME, ID_TIP_OPTIUNE, ID_INTREBARE) values (50, 'Informatica...', 5, 17);
insert into OPTIUNE (ID_OPTIUNE, NUME, ID_TIP_OPTIUNE, ID_INTREBARE) values (51, 'Matematica...', 5, 17);
insert into OPTIUNE (ID_OPTIUNE, NUME, ID_TIP_OPTIUNE, ID_INTREBARE) values (52, 'Fizica...', 5, 17);
insert into OPTIUNE (ID_OPTIUNE, NUME, ID_TIP_OPTIUNE, ID_INTREBARE) values (53, 'Chimie...', 5, 17);
insert into OPTIUNE (ID_OPTIUNE, NUME, ID_TIP_OPTIUNE, ID_INTREBARE) values (54, 'Biologie...', 5, 17);
insert into OPTIUNE (ID_OPTIUNE, NUME, ID_TIP_OPTIUNE, ID_INTREBARE) values (55, 'Istorie...', 5, 17);
insert into OPTIUNE (ID_OPTIUNE, NUME, ID_TIP_OPTIUNE, ID_INTREBARE) values (56, 'Geografie...', 5, 17);
insert into OPTIUNE (ID_OPTIUNE, NUME, ID_TIP_OPTIUNE, ID_INTREBARE) values (57, 'Limba Engleza...', 5, 17);
insert into OPTIUNE (ID_OPTIUNE, NUME, ID_TIP_OPTIUNE, ID_INTREBARE) values (58, 'Limba Romana...', 5, 17);
insert into OPTIUNE (ID_OPTIUNE, NUME, ID_TIP_OPTIUNE, ID_INTREBARE) values (59, 'Tehnologie...', 5, 17);
insert into OPTIUNE (ID_OPTIUNE, NUME, ID_TIP_OPTIUNE, ID_INTREBARE) values (60, 'Altele...', 5, 17);
insert into OPTIUNE (ID_OPTIUNE, NUME, ID_TIP_OPTIUNE, ID_INTREBARE) values (61, 'Erori tehnice. Ce...', 5, 18);
insert into OPTIUNE (ID_OPTIUNE, NUME, ID_TIP_OPTIUNE, ID_INTREBARE) values (62, 'Erori de continut. Ce...', 5, 18);
insert into OPTIUNE (ID_OPTIUNE, NUME, ID_TIP_OPTIUNE, ID_INTREBARE) values (63, 'Erori pedagogice. Ce...', 5, 18);
insert into OPTIUNE (ID_OPTIUNE, NUME, ID_TIP_OPTIUNE, ID_INTREBARE) values (64, 'Neconcordanta cu programa. La ce...', 5, 18);
insert into OPTIUNE (ID_OPTIUNE, NUME, ID_TIP_OPTIUNE, ID_INTREBARE) values (65, 'Prea putine lectii. La ce...', 5, 18);
insert into OPTIUNE (ID_OPTIUNE, NUME, ID_TIP_OPTIUNE, ID_INTREBARE) values (66, 'Altele...', 5, 18);
insert into OPTIUNE (ID_OPTIUNE, NUME, ID_TIP_OPTIUNE, ID_INTREBARE) values (67, 'Nu...', 5, 18);
insert into OPTIUNE (ID_OPTIUNE, NUME, ID_TIP_OPTIUNE, ID_INTREBARE) values (68, 'Elevi', 4, 19);
insert into OPTIUNE (ID_OPTIUNE, NUME, ID_TIP_OPTIUNE, ID_INTREBARE) values (69, 'Profesori', 4, 19);
insert into OPTIUNE (ID_OPTIUNE, NUME, ID_TIP_OPTIUNE, ID_INTREBARE) values (70, 'Clase', 4, 19);
insert into OPTIUNE (ID_OPTIUNE, NUME, ID_TIP_OPTIUNE, ID_INTREBARE) values (71, 'Note/Medii', 4, 19);
insert into OPTIUNE (ID_OPTIUNE, NUME, ID_TIP_OPTIUNE, ID_INTREBARE) values (72, 'Orar', 4, 19);
insert into OPTIUNE (ID_OPTIUNE, NUME, ID_TIP_OPTIUNE, ID_INTREBARE) values (73, 'Nu sunt date introduse', 4, 19);
insert into OPTIUNE (ID_OPTIUNE, NUME, ID_TIP_OPTIUNE, ID_INTREBARE) values (74, 'Da', 2, 20);
insert into OPTIUNE (ID_OPTIUNE, NUME, ID_TIP_OPTIUNE, ID_INTREBARE) values (75, 'Nu', 2, 20);
insert into OPTIUNE (ID_OPTIUNE, NUME, ID_TIP_OPTIUNE, ID_INTREBARE) values (76, 'Foarte bun', 2, 21);
insert into OPTIUNE (ID_OPTIUNE, NUME, ID_TIP_OPTIUNE, ID_INTREBARE) values (77, 'Bun', 2, 21);
insert into OPTIUNE (ID_OPTIUNE, NUME, ID_TIP_OPTIUNE, ID_INTREBARE) values (78, 'Satisfacator', 2, 21);
insert into OPTIUNE (ID_OPTIUNE, NUME, ID_TIP_OPTIUNE, ID_INTREBARE) values (79, 'Slab', 2, 21);
insert into OPTIUNE (ID_OPTIUNE, NUME, ID_TIP_OPTIUNE, ID_INTREBARE) values (80, 'Nu stiu', 2, 21);
insert into OPTIUNE (ID_OPTIUNE, NUME, ID_TIP_OPTIUNE, ID_INTREBARE) values (81, 'La implementare', 4, 22);
insert into OPTIUNE (ID_OPTIUNE, NUME, ID_TIP_OPTIUNE, ID_INTREBARE) values (82, 'Prin CCD', 4, 22);
insert into OPTIUNE (ID_OPTIUNE, NUME, ID_TIP_OPTIUNE, ID_INTREBARE) values (83, 'De catre alti profesori', 4, 22);
insert into OPTIUNE (ID_OPTIUNE, NUME, ID_TIP_OPTIUNE, ID_INTREBARE) values (84, 'Studiu individual', 4, 22);
insert into OPTIUNE (ID_OPTIUNE, NUME, ID_TIP_OPTIUNE, ID_INTREBARE) values (151, 'Altfel...', 5, 22);
insert into OPTIUNE (ID_OPTIUNE, NUME, ID_TIP_OPTIUNE, ID_INTREBARE) values (85, 'Da', 2, 23);
insert into OPTIUNE (ID_OPTIUNE, NUME, ID_TIP_OPTIUNE, ID_INTREBARE) values (86, 'Nu', 2, 23);
insert into OPTIUNE (ID_OPTIUNE, NUME, ID_TIP_OPTIUNE, ID_INTREBARE) values (87, 'Foarte buna', 2, 24);
insert into OPTIUNE (ID_OPTIUNE, NUME, ID_TIP_OPTIUNE, ID_INTREBARE) values (88, 'Buna', 2, 24);
insert into OPTIUNE (ID_OPTIUNE, NUME, ID_TIP_OPTIUNE, ID_INTREBARE) values (89, 'Satisfacatoare', 2, 24);
insert into OPTIUNE (ID_OPTIUNE, NUME, ID_TIP_OPTIUNE, ID_INTREBARE) values (90, 'Slaba', 2, 24);
insert into OPTIUNE (ID_OPTIUNE, NUME, ID_TIP_OPTIUNE, ID_INTREBARE) values (91, 'Nu stiu-nu mai tin minte', 2, 24);
insert into OPTIUNE (ID_OPTIUNE, NUME, ID_TIP_OPTIUNE, ID_INTREBARE) values (92, 'Total', 2, 25);
insert into OPTIUNE (ID_OPTIUNE, NUME, ID_TIP_OPTIUNE, ID_INTREBARE) values (93, 'Partial', 2, 25);
insert into OPTIUNE (ID_OPTIUNE, NUME, ID_TIP_OPTIUNE, ID_INTREBARE) values (94, 'Deloc', 2, 25);
insert into OPTIUNE (ID_OPTIUNE, NUME, ID_TIP_OPTIUNE, ID_INTREBARE) values (95, 'Nu stiu-nu mai tin minte', 2, 25);
insert into OPTIUNE (ID_OPTIUNE, NUME, ID_TIP_OPTIUNE, ID_INTREBARE) values (96, 'Da', 2, 26);
insert into OPTIUNE (ID_OPTIUNE, NUME, ID_TIP_OPTIUNE, ID_INTREBARE) values (97, 'Partial adecvata', 2, 26);
insert into OPTIUNE (ID_OPTIUNE, NUME, ID_TIP_OPTIUNE, ID_INTREBARE) values (98, 'Nu', 2, 26);
insert into OPTIUNE (ID_OPTIUNE, NUME, ID_TIP_OPTIUNE, ID_INTREBARE) values (152, 'Nu stiu-nu mai tin minte', 2, 26);
insert into OPTIUNE (ID_OPTIUNE, NUME, ID_TIP_OPTIUNE, ID_INTREBARE) values (99, 'Da', 2, 27);
insert into OPTIUNE (ID_OPTIUNE, NUME, ID_TIP_OPTIUNE, ID_INTREBARE) values (100, 'Nu', 2, 27);
insert into OPTIUNE (ID_OPTIUNE, NUME, ID_TIP_OPTIUNE, ID_INTREBARE) values (101, 'Forum', 4, 28);
insert into OPTIUNE (ID_OPTIUNE, NUME, ID_TIP_OPTIUNE, ID_INTREBARE) values (102, 'Telverde', 4, 28);
insert into OPTIUNE (ID_OPTIUNE, NUME, ID_TIP_OPTIUNE, ID_INTREBARE) values (103, 'Email', 4, 28);
insert into OPTIUNE (ID_OPTIUNE, NUME, ID_TIP_OPTIUNE, ID_INTREBARE) values (104, 'Telefon direct', 4, 28);
insert into OPTIUNE (ID_OPTIUNE, NUME, ID_TIP_OPTIUNE, ID_INTREBARE) values (105, 'Foarte bun', 2, 29);
insert into OPTIUNE (ID_OPTIUNE, NUME, ID_TIP_OPTIUNE, ID_INTREBARE) values (106, 'Bun', 2, 29);
insert into OPTIUNE (ID_OPTIUNE, NUME, ID_TIP_OPTIUNE, ID_INTREBARE) values (107, 'Satisfacator', 2, 29);
insert into OPTIUNE (ID_OPTIUNE, NUME, ID_TIP_OPTIUNE, ID_INTREBARE) values (108, 'Slab', 2, 29);
insert into OPTIUNE (ID_OPTIUNE, NUME, ID_TIP_OPTIUNE, ID_INTREBARE) values (109, 'Da, Foarte bine', 2, 30);
insert into OPTIUNE (ID_OPTIUNE, NUME, ID_TIP_OPTIUNE, ID_INTREBARE) values (110, 'Da, Bine', 2, 30);
insert into OPTIUNE (ID_OPTIUNE, NUME, ID_TIP_OPTIUNE, ID_INTREBARE) values (111, 'Da, intr-o maniera satisfacatoare', 2, 30);
insert into OPTIUNE (ID_OPTIUNE, NUME, ID_TIP_OPTIUNE, ID_INTREBARE) values (112, 'Da, dar nesatisfacator ca timp si efort', 2, 30);
insert into OPTIUNE (ID_OPTIUNE, NUME, ID_TIP_OPTIUNE, ID_INTREBARE) values (113, 'Nu a fost rezolvata', 2, 30);
insert into OPTIUNE (ID_OPTIUNE, NUME, ID_TIP_OPTIUNE, ID_INTREBARE) values (114, 'Numarul de telefon Telverde 0800.410.444', 4, 31);
insert into OPTIUNE (ID_OPTIUNE, NUME, ID_TIP_OPTIUNE, ID_INTREBARE) values (115, 'Adresa web a forumului http://forum.edu.ro', 4, 31);
insert into OPTIUNE (ID_OPTIUNE, NUME, ID_TIP_OPTIUNE, ID_INTREBARE) values (116, 'In laboratorul, pe toate statiile', 4, 32);
insert into OPTIUNE (ID_OPTIUNE, NUME, ID_TIP_OPTIUNE, ID_INTREBARE) values (117, 'In laboratorul, pe o statie/server', 4, 32);
insert into OPTIUNE (ID_OPTIUNE, NUME, ID_TIP_OPTIUNE, ID_INTREBARE) values (118, 'In alt laborator din scoala', 4, 32);
insert into OPTIUNE (ID_OPTIUNE, NUME, ID_TIP_OPTIUNE, ID_INTREBARE) values (119, 'La secretariat/director', 4, 32);
insert into OPTIUNE (ID_OPTIUNE, NUME, ID_TIP_OPTIUNE, ID_INTREBARE) values (120, 'Nu', 4, 32);
insert into OPTIUNE (ID_OPTIUNE, NUME, ID_TIP_OPTIUNE, ID_INTREBARE) values (121, 'Ethernet', 2, 33);
insert into OPTIUNE (ID_OPTIUNE, NUME, ID_TIP_OPTIUNE, ID_INTREBARE) values (122, 'Fibra optica', 2, 33);
insert into OPTIUNE (ID_OPTIUNE, NUME, ID_TIP_OPTIUNE, ID_INTREBARE) values (123, 'Cablu TV', 2, 33);
insert into OPTIUNE (ID_OPTIUNE, NUME, ID_TIP_OPTIUNE, ID_INTREBARE) values (124, 'Radio', 2, 33);
insert into OPTIUNE (ID_OPTIUNE, NUME, ID_TIP_OPTIUNE, ID_INTREBARE) values (125, 'Satelit', 2, 33);
insert into OPTIUNE (ID_OPTIUNE, NUME, ID_TIP_OPTIUNE, ID_INTREBARE) values (126, 'IPFix', 2, 33);
insert into OPTIUNE (ID_OPTIUNE, NUME, ID_TIP_OPTIUNE, ID_INTREBARE) values (127, 'ADSL', 2, 33);
insert into OPTIUNE (ID_OPTIUNE, NUME, ID_TIP_OPTIUNE, ID_INTREBARE) values (128, 'ISDN', 2, 33);
insert into OPTIUNE (ID_OPTIUNE, NUME, ID_TIP_OPTIUNE, ID_INTREBARE) values (129, 'Dial-up', 2, 33);
insert into OPTIUNE (ID_OPTIUNE, NUME, ID_TIP_OPTIUNE, ID_INTREBARE) values (130, 'Nu', 2, 33);
insert into OPTIUNE (ID_OPTIUNE, NUME, ID_TIP_OPTIUNE, ID_INTREBARE) values (131, 'Nu', 4, 34);
insert into OPTIUNE (ID_OPTIUNE, NUME, ID_TIP_OPTIUNE, ID_INTREBARE) values (132, 'Da, la secretariat', 4, 34);
insert into OPTIUNE (ID_OPTIUNE, NUME, ID_TIP_OPTIUNE, ID_INTREBARE) values (133, 'Da, la director', 4, 34);
insert into OPTIUNE (ID_OPTIUNE, NUME, ID_TIP_OPTIUNE, ID_INTREBARE) values (134, 'Da. ..laboratoare/..calculatoare', 5, 34);
insert into OPTIUNE (ID_OPTIUNE, NUME, ID_TIP_OPTIUNE, ID_INTREBARE) values (135, 'Da, .. calculatoare', 3, 35);
insert into OPTIUNE (ID_OPTIUNE, NUME, ID_TIP_OPTIUNE, ID_INTREBARE) values (136, 'Nu', 2, 35);
insert into OPTIUNE (ID_OPTIUNE, NUME, ID_TIP_OPTIUNE, ID_INTREBARE) values (137, 'Lipsa de instruire IT a profesorilor', 4, 36);
insert into OPTIUNE (ID_OPTIUNE, NUME, ID_TIP_OPTIUNE, ID_INTREBARE) values (138, 'Lipsa de instruire a profesorilor', 4, 36);
insert into OPTIUNE (ID_OPTIUNE, NUME, ID_TIP_OPTIUNE, ID_INTREBARE) values (139, 'Materiale de instruire lipsa', 4, 36);
insert into OPTIUNE (ID_OPTIUNE, NUME, ID_TIP_OPTIUNE, ID_INTREBARE) values (140, 'Materiale de instruire insuficiente', 4, 36);
insert into OPTIUNE (ID_OPTIUNE, NUME, ID_TIP_OPTIUNE, ID_INTREBARE) values (141, 'Lipsa unui administrator de sistem', 4, 36);
insert into OPTIUNE (ID_OPTIUNE, NUME, ID_TIP_OPTIUNE, ID_INTREBARE) values (153, 'Altele...', 5, 36);
commit;

insert into UNITATE_INVATAMANT (ID_UNITATE_INVATAMANT, JUDET, LOCALITATE, UNITATE, SERIE, ETAPA) values (1, 'ALBA', 'AIUD', 'GRUP SCOLAR AVRAM IANCU AIUD', '1', 'Etapa I');
insert into UNITATE_INVATAMANT (ID_UNITATE_INVATAMANT, JUDET, LOCALITATE, UNITATE, SERIE, ETAPA) values (3, 'BACAU', 'BACAU', 'COLEGIUL NATIONALFERDINAND I BACAU', '2', 'Etapa I');
insert into UNITATE_INVATAMANT (ID_UNITATE_INVATAMANT, JUDET, LOCALITATE, UNITATE, SERIE, ETAPA) values (293, 'BISTRITA NASAUD', 'CAIANU MIC', 'GRUPUL SCOLAR ION CAIAN ROMANUL CAIANU MIC', '3', 'Etapa II');
insert into UNITATE_INVATAMANT (ID_UNITATE_INVATAMANT, JUDET, LOCALITATE, UNITATE, SERIE, ETAPA) values (295, 'CLUJ', 'TURDA', 'GRUPUL SCOLAR DE CHIMIE INDUSTRIALA  TURDA', '4', 'Etapa II');
insert into UNITATE_INVATAMANT (ID_UNITATE_INVATAMANT, JUDET, LOCALITATE, UNITATE, SERIE, ETAPA) values (300, 'DOLJ', 'CRAIOVA', 'GRUPUL SCOLAR INDUSTRIAL CONSTRUCTII CIVILE CRAIOVA', '5', 'Etapa II');
insert into UNITATE_INVATAMANT (ID_UNITATE_INVATAMANT, JUDET, LOCALITATE, UNITATE, SERIE, ETAPA) values (322, 'SUCEAVA', 'SUCEAVA', 'GRUPUL SCOLAR NR 2 SUCEAVA', '6', 'Etapa II');
insert into UNITATE_INVATAMANT (ID_UNITATE_INVATAMANT, JUDET, LOCALITATE, UNITATE, SERIE, ETAPA) values (338, 'BUZAU', 'RAMNICU SARAT', 'GRUPUL SCOLAR AGRICOL ORASUL RM SARAT RAMNICU SARAT', '7', 'Etapa II');
insert into UNITATE_INVATAMANT (ID_UNITATE_INVATAMANT, JUDET, LOCALITATE, UNITATE, SERIE, ETAPA) values (347, 'VRANCEA', 'FOCSANI', 'GRUPUL SCOLAR DE ELECTROTEHNICA FOCSANI', '8', 'Etapa II');
insert into UNITATE_INVATAMANT (ID_UNITATE_INVATAMANT, JUDET, LOCALITATE, UNITATE, SERIE, ETAPA) values (354, 'MEHEDINTI', 'BAIA DE ARAMA', 'GRUPUL SCOLAR INDUSTRIALCONSTANTIN BRANCOVEANU BAIA DE ARAMA', '9', 'Etapa II');
insert into UNITATE_INVATAMANT (ID_UNITATE_INVATAMANT, JUDET, LOCALITATE, UNITATE, SERIE, ETAPA) values (357, 'GORJ', 'TARGU-JIU', 'COLEGIUL TEHNIC HENRI COANDA TG-JIU TARGU-JIU', '10', 'Etapa II');
insert into UNITATE_INVATAMANT (ID_UNITATE_INVATAMANT, JUDET, LOCALITATE, UNITATE, SERIE, ETAPA) values (368, 'BISTRITA NASAUD', 'NASAUD', 'COLEGIUL NATIONAL GEORGE COSBUC NASAUD', '11', 'Etapa I');
insert into UNITATE_INVATAMANT (ID_UNITATE_INVATAMANT, JUDET, LOCALITATE, UNITATE, SERIE, ETAPA) values (202, 'VRANCEA', 'FOCSANI', 'COLEGIUL NATIONAL UNIREA FOCSANI', '12', 'Etapa I');
insert into UNITATE_INVATAMANT (ID_UNITATE_INVATAMANT, JUDET, LOCALITATE, UNITATE, SERIE, ETAPA) values (232, 'BOTOSANI', 'BOTOSANI', 'GRUPUL SCOLAR DE INDUSTRIE USOARA BOTOSANI', '13', 'Etapa II');
insert into UNITATE_INVATAMANT (ID_UNITATE_INVATAMANT, JUDET, LOCALITATE, UNITATE, SERIE, ETAPA) values (242, 'BRASOV', 'BRASOV', 'LICEUL GRIGORE ANTIPA BRASOV', '14', 'Etapa II');
insert into UNITATE_INVATAMANT (ID_UNITATE_INVATAMANT, JUDET, LOCALITATE, UNITATE, SERIE, ETAPA) values (262, 'NEAMT', 'ROMAN', 'GRUPUL SCOLAR MIRON COSTIN ROMAN', '15', 'Etapa II');
insert into UNITATE_INVATAMANT (ID_UNITATE_INVATAMANT, JUDET, LOCALITATE, UNITATE, SERIE, ETAPA) values (375, 'CARAS SEVERIN', 'ORAVITA', 'GRUPUL SCOLAR AGRICOL ORAVITA', '16', 'Etapa II');
insert into UNITATE_INVATAMANT (ID_UNITATE_INVATAMANT, JUDET, LOCALITATE, UNITATE, SERIE, ETAPA) values (395, 'CONSTANTA', 'CONSTANTA', 'UNIVERSITATEA OVIDIUS DIN CONSTANTA', '17', 'Etapa II');
insert into UNITATE_INVATAMANT (ID_UNITATE_INVATAMANT, JUDET, LOCALITATE, UNITATE, SERIE, ETAPA) values (412, 'BRAILA', 'BRAILA', 'GRUPUL SCOLAR MIHAIL SEBASTIAN BRAILA', '18', 'Etapa II');
insert into UNITATE_INVATAMANT (ID_UNITATE_INVATAMANT, JUDET, LOCALITATE, UNITATE, SERIE, ETAPA) values (417, 'ARGES', 'CAMPULUNG MUSCEL', 'GRUPUL SCOLAR TEHNOLOGIC CAMPULUNG MUSCEL', '19', 'Etapa II');
insert into UNITATE_INVATAMANT (ID_UNITATE_INVATAMANT, JUDET, LOCALITATE, UNITATE, SERIE, ETAPA) values (433, 'BUCURESTI', 'BUCURESTI', 'ACADEMIA DE ARTA DIN BUCURESTI/UNIVERSITATEA NATIONALA DE ARTA', '20', 'Etapa II');
commit;
